[
  {
    "title": "热门游戏",
    "children": [
      {
        "id": 39,
        "title": "封神榜",
        "type": "ag",
        "typeTitle": "AG电子",
        "ext": ".jpg"
      },
      {
        "id": "5045",
        "title": "森林舞会",
        "type": "BY",
        "typeTitle": "BBIN电子",
        "ext": ".jpg"
      },
      {
        "id": 42,
        "title": "糖果碰碰乐",
        "type": "ag",
        "typeTitle": "AG电子",
        "ext": ".jpg"
      },
      {
        "id": "5099",
        "title": "金狗旺岁",
        "type": "BY",
        "typeTitle": "BBIN电子",
        "ext": ".jpg"
      },
      {
        "id": "1188",
        "title": "花花公子",
        "type": "MG",
        "ext": ".png",
        "typeTitle": "MG电子"
      },
      {
        "id": "1117",
        "title": "狂欢节",
        "type": "MG",
        "typeTitle": "MG电子",
        "ext": ".png"
      },
      {
        "id": "25",
        "title": "财源滚滚",
        "type": "BG",
        "ext": ".png",
        "typeTitle": "BG电子"
      },
      {
        "id": "46",
        "title": "雷声鸟",
        "type": "BG",
        "ext": ".png",
        "typeTitle": "BG电子"
      }
    ]
  },
  {
    "title": "电游平台",
    "children": [
      {
        "id": "1",
        "title": "AG电子",
        "type": "AG",
        "desc1": "亚洲最受欢迎的娱乐场",
        "desc2": "",
        "gameId": "agdz"
      },
      {
        "id": "2",
        "title": "AG街机",
        "type": "AG",
        "desc1": "精彩永不止步",
        "desc2": "",
        "gameId": "agjj"
      },
      {
        "id": "3",
        "title": "MG电子",
        "type": "AG",
        "desc1": "让财富来敲门 刺激畅爽嗨起来",
        "desc2": "",
        "gameId": "mgdz"
      },
      {
        "id": "4",
        "title": "BBIN电子",
        "type": "AG",
        "desc1": "随时畅玩 爆奖不断",
        "desc2": "",
        "gameId": "bbin"
      },
      {
        "id": "5",
        "title": "BG电子",
        "type": "AG",
        "desc1": "惊险刺激 大奖连连",
        "desc2": "",
        "gameId": "bgdz"
      },
      {
        "id": "6",
        "title": "泛亚电竞",
        "type": "AG",
        "desc1": "超高爆奖 更稳线路",
        "desc2": "",
        "gameId": "fydj"
      },
      {
        "id": "7",
        "title": "FG电子",
        "type": "AG",
        "desc1": "欲罢不能的体验",
        "desc2": "",
        "gameId": "fgdz"
      },
      {
        "id": "8",
        "title": "哈巴电游",
        "type": "AG",
        "desc1": "激情PK 让热血再次燃烧",
        "desc2": "",
        "gameId": "hbdy"
      },
      {
        "id": "9",
        "title": "乐游电子",
        "type": "AG",
        "desc1": "突破极限 博出精彩",
        "desc2": "",
        "gameId": "lydz"
      },
      {
        "id": "10",
        "title": "CQ9电子",
        "type": "AG",
        "desc1": "激玩行大运 财源滚滚来",
        "desc2": "",
        "gameId": "cq9dz"
      }
    ]
  },
  {
    "title": "捕鱼游戏",
    "children": [
      {
        "id": "6",
        "title": "AG捕鱼王",
        "typeTitle": "AG电子",
        "desc": "幸运渔场，高倍返奖",
        "type": "AG"
      },
      {
        "id": "30599",
        "title": "捕鱼达人",
        "typeTitle": "BBIN电子",
        "desc": "幸运渔场，高倍返奖",
        "type": "BY"
      },
      {
        "id": "38001",
        "title": "捕鱼大师",
        "typeTitle": "BBIN电子",
        "desc": "幸运渔场，高倍返奖",
        "type": "BY"
      },
      {
        "id": "105",
        "title": "捕鱼大师",
        "typeTitle": "BG电子",
        "desc": "我的渔场我做主",
        "type": "BG"
      },
      {
        "id": "411",
        "title": "西游捕鱼",
        "typeTitle": "BG电子",
        "desc": "轻松击爆大奖",
        "type": "BG"
      },
      {
        "id": "510",
        "title": "捕鱼大作战",
        "typeTitle": "乐游电子",
        "desc": "体验酸爽捕鱼的乐趣",
        "type": "LY"
      },
      {
        "id": "AT01",
        "title": "一炮捕鱼",
        "typeTitle": "CQ9电子",
        "desc": "幸运渔场，高倍返奖",
        "type": "CQ"
      },
      {
        "id": "sw_fufish_intw",
        "title": "捕鱼多福",
        "typeTitle": "SW电子",
        "desc": "幸运渔场，高倍返奖",
        "type": "SW"
      },
      {
        "id": "jcby",
        "title": "金蟾捕鱼",
        "typeTitle": "爱棋牌大厅",
        "desc": "幸运渔场，高倍返奖",
        "type": "QL"
      },
      {
        "id": "lkpy",
        "title": "李逵捕鱼",
        "typeTitle": "爱棋牌大厅",
        "desc": "幸运渔场，高倍返奖",
        "type": "QL"
      }
    ]
  },
  {
    "title": "真人娱乐",
    "children": [
      {
        "id": "11",
        "title": "AG视讯大厅",
        "type": "AG",
        "desc1": "美女荷官实时切换，供您选择",
        "desc2": ""
      },
      {
        "id": "live",
        "title": "BBIN视讯",
        "type": "BY",
        "desc1": "现场360度视角",
        "desc2": "实时显示输赢排行榜"
      },
      {
        "id": "1",
        "title": "BG视讯大厅",
        "type": "BG",
        "desc1": "兔女郎现场互动",
        "desc2": "畅享刺激的游戏体验"
      },
      {
        "id": "16",
        "title": "VR视讯大厅",
        "type": "VR",
        "desc1": "体验多桌同时投注",
        "desc2": "让您乐在其中"
      }
    ]
  },
  {
    "title": "棋牌游戏",
    "children": [
      {
        "id": "0",
        "title": "开元棋牌",
        "type": "KY",
        "desc1": "体验多桌同时投注",
        "desc2": "让您乐在其中"
      },
      {
        "id": "830",
        "title": "抢庄牛牛",
        "type": "KY",
        "desc1": "体验多桌同时投注",
        "desc2": "让您乐在其中"
      },
      {
        "id": "620",
        "title": "德州扑克",
        "type": "KY",
        "desc1": "体验多桌同时投注",
        "desc2": "让您乐在其中"
      }
    ]
  },
  {
    "title": "体育赛事",
    "children": [
      {
        "id": "TASSPTA",
        "title": "AG体育",
        "type": "AG",
        "desc1": "",
        "desc2": ""
      },
      {
        "id": "ball",
        "title": "BBIN体育",
        "type": "BY",
        "desc1": "",
        "desc2": ""
      },
      {
        "id": "0",
        "title": "三昇体育",
        "type": "SS",
        "desc1": "",
        "desc2": ""
      },
      {
        "id": "3",
        "title": "泛亚电竞",
        "type": "FY",
        "desc1": "",
        "desc2": ""
      }
    ]
  }
]