{
  "id": "2156245",
  "name": "轻随我",
  "font_family": "iconfont",
  "css_prefix_text": "icon",
  "description": "豪哥商城",
  "glyphs": [
    {
      "icon_id": "288984",
      "name": "微信",
      "font_class": "weixin",
      "unicode": "e679",
      "unicode_decimal": 59001
    },
    {
      "icon_id": "2187794",
      "name": "图片",
      "font_class": "tupian",
      "unicode": "e616",
      "unicode_decimal": 58902
    },
    {
      "icon_id": "650821",
      "name": "余额",
      "font_class": "yue",
      "unicode": "e65e",
      "unicode_decimal": 58974
    },
    {
      "icon_id": "716115",
      "name": "积分",
      "font_class": "jifen1",
      "unicode": "e6a4",
      "unicode_decimal": 59044
    },
    {
      "icon_id": "1620225",
      "name": "团队",
      "font_class": "tubiao-",
      "unicode": "e615",
      "unicode_decimal": 58901
    },
    {
      "icon_id": "903796",
      "name": "火",
      "font_class": "huo",
      "unicode": "e665",
      "unicode_decimal": 58981
    },
    {
      "icon_id": "15726968",
      "name": "形状-三角形",
      "font_class": "xingzhuang-sanjiaoxing",
      "unicode": "e652",
      "unicode_decimal": 58962
    },
    {
      "icon_id": "201556",
      "name": "查看",
      "font_class": "chakan",
      "unicode": "e603",
      "unicode_decimal": 58883
    },
    {
      "icon_id": "2116292",
      "name": "扫一扫",
      "font_class": "richscan_icon",
      "unicode": "e661",
      "unicode_decimal": 58977
    },
    {
      "icon_id": "6282769",
      "name": "搜索",
      "font_class": "sousuo",
      "unicode": "e6b9",
      "unicode_decimal": 59065
    },
    {
      "icon_id": "4685781",
      "name": "购物",
      "font_class": "Group-",
      "unicode": "e6ae",
      "unicode_decimal": 59054
    },
    {
      "icon_id": "1489091",
      "name": "闪电",
      "font_class": "shandian",
      "unicode": "e624",
      "unicode_decimal": 58916
    },
    {
      "icon_id": "9713065",
      "name": "分享",
      "font_class": "fenxiang",
      "unicode": "e684",
      "unicode_decimal": 59012
    },
    {
      "icon_id": "14005657",
      "name": "下",
      "font_class": "xia",
      "unicode": "e600",
      "unicode_decimal": 58880
    },
    {
      "icon_id": "9524646",
      "name": "热销-皇冠",
      "font_class": "rexiao-huangguan",
      "unicode": "e606",
      "unicode_decimal": 58886
    },
    {
      "icon_id": "595344",
      "name": "修改",
      "font_class": "xiugai",
      "unicode": "e602",
      "unicode_decimal": 58882
    },
    {
      "icon_id": "970776",
      "name": "信息",
      "font_class": "xinxi-copy",
      "unicode": "e648",
      "unicode_decimal": 58952
    },
    {
      "icon_id": "1001123",
      "name": "客服",
      "font_class": "iconrx",
      "unicode": "e61b",
      "unicode_decimal": 58907
    },
    {
      "icon_id": "2038793",
      "name": "购物车-23",
      "font_class": "qicheqianlian-",
      "unicode": "e619",
      "unicode_decimal": 58905
    },
    {
      "icon_id": "6255759",
      "name": "订单",
      "font_class": "dingdan",
      "unicode": "e604",
      "unicode_decimal": 58884
    },
    {
      "icon_id": "17762686",
      "name": "扫码",
      "font_class": "scan-fill",
      "unicode": "e664",
      "unicode_decimal": 58980
    },
    {
      "icon_id": "7629051",
      "name": "皇冠",
      "font_class": "huangguan",
      "unicode": "e6b3",
      "unicode_decimal": 59059
    },
    {
      "icon_id": "10635169",
      "name": "定位-位置",
      "font_class": "position",
      "unicode": "e60b",
      "unicode_decimal": 58891
    },
    {
      "icon_id": "551962",
      "name": "箭头",
      "font_class": "arrow-right",
      "unicode": "e601",
      "unicode_decimal": 58881
    },
    {
      "icon_id": "3315139",
      "name": "选中",
      "font_class": "xuanzhong",
      "unicode": "e618",
      "unicode_decimal": 58904
    },
    {
      "icon_id": "5147506",
      "name": "未选中",
      "font_class": "weixuanzhong",
      "unicode": "e647",
      "unicode_decimal": 58951
    },
    {
      "icon_id": "451564",
      "name": "积分",
      "font_class": "jifen",
      "unicode": "e646",
      "unicode_decimal": 58950
    },
    {
      "icon_id": "16336211",
      "name": "现金",
      "font_class": "xianjin",
      "unicode": "e6b6",
      "unicode_decimal": 59062
    },
    {
      "icon_id": "5809193",
      "name": "删除",
      "font_class": "shanchu",
      "unicode": "e690",
      "unicode_decimal": 59024
    }
  ]
}
