{
  "id": "1594609",
  "name": "网易红彩",
  "font_family": "iconfont",
  "css_prefix_text": "icon",
  "description": "",
  "glyphs": [
    {
      "icon_id": "4294448",
      "name": "分类-热门",
      "font_class": "fenlei-remen",
      "unicode": "e610",
      "unicode_decimal": 58896
    },
    {
      "icon_id": "1505554",
      "name": "热点",
      "font_class": "redian",
      "unicode": "e603",
      "unicode_decimal": 58883
    },
    {
      "icon_id": "632970",
      "name": "关闭",
      "font_class": "2guanbi",
      "unicode": "e602",
      "unicode_decimal": 58882
    },
    {
      "icon_id": "7069151",
      "name": "帮助",
      "font_class": "bangzhu",
      "unicode": "e737",
      "unicode_decimal": 59191
    },
    {
      "icon_id": "1847261",
      "name": "PC播放页_图文资讯",
      "font_class": "PCbofangye_tuwenzixun",
      "unicode": "e642",
      "unicode_decimal": 58946
    },
    {
      "icon_id": "383630",
      "name": "眼睛",
      "font_class": "yanjing",
      "unicode": "e624",
      "unicode_decimal": 58916
    },
    {
      "icon_id": "5204854",
      "name": "奖牌",
      "font_class": "jiangpai",
      "unicode": "e60d",
      "unicode_decimal": 58893
    },
    {
      "icon_id": "5474806",
      "name": "奖牌",
      "font_class": "jiangpai1",
      "unicode": "e62d",
      "unicode_decimal": 58925
    },
    {
      "icon_id": "1348",
      "name": "向上",
      "font_class": "xiangshang",
      "unicode": "e600",
      "unicode_decimal": 58880
    },
    {
      "icon_id": "1351",
      "name": "向下",
      "font_class": "xiangxia",
      "unicode": "e601",
      "unicode_decimal": 58881
    },
    {
      "icon_id": "714718",
      "name": "专家认证",
      "font_class": "zhuanjiarenzheng",
      "unicode": "e61e",
      "unicode_decimal": 58910
    },
    {
      "icon_id": "400038",
      "name": "返回",
      "font_class": "htmal5icon37",
      "unicode": "e629",
      "unicode_decimal": 58921
    },
    {
      "icon_id": "3050491",
      "name": "收藏",
      "font_class": "collection",
      "unicode": "e60b",
      "unicode_decimal": 58891
    },
    {
      "icon_id": "4034111",
      "name": "更多-主页",
      "font_class": "youjiantou",
      "unicode": "e662",
      "unicode_decimal": 58978
    },
    {
      "icon_id": "6548544",
      "name": "筛选",
      "font_class": "shaixuan",
      "unicode": "e659",
      "unicode_decimal": 58969
    },
    {
      "icon_id": "1435243",
      "name": "首页",
      "font_class": "shouye",
      "unicode": "e634",
      "unicode_decimal": 58932
    },
    {
      "icon_id": "1646232",
      "name": "赛事",
      "font_class": "saishi",
      "unicode": "e611",
      "unicode_decimal": 58897
    },
    {
      "icon_id": "7050198",
      "name": "我的",
      "font_class": "wode",
      "unicode": "e635",
      "unicode_decimal": 58933
    }
  ]
}
