{
  "id": "1425419",
  "name": "tengbowang",
  "font_family": "iconfont",
  "css_prefix_text": "icon-",
  "description": "",
  "glyphs": [
    {
      "icon_id": "157022",
      "name": "icon_mingxi",
      "font_class": "iconmingxi",
      "unicode": "e618",
      "unicode_decimal": 58904
    },
    {
      "icon_id": "229744",
      "name": "shouye",
      "font_class": "shouye",
      "unicode": "e605",
      "unicode_decimal": 58885
    },
    {
      "icon_id": "677547",
      "name": "刷新",
      "font_class": "shuaxin",
      "unicode": "e672",
      "unicode_decimal": 58994
    },
    {
      "icon_id": "691701",
      "name": "密码管理",
      "font_class": "mimaguanli",
      "unicode": "e61e",
      "unicode_decimal": 58910
    },
    {
      "icon_id": "793636",
      "name": "优惠 (2)",
      "font_class": "youhui2",
      "unicode": "e613",
      "unicode_decimal": 58899
    },
    {
      "icon_id": "1063400",
      "name": "验证码",
      "font_class": "yanzhengma",
      "unicode": "e62c",
      "unicode_decimal": 58924
    },
    {
      "icon_id": "1223006",
      "name": "VIP",
      "font_class": "vip",
      "unicode": "ea09",
      "unicode_decimal": 59913
    },
    {
      "icon_id": "1303367",
      "name": "中奖列表",
      "font_class": "zhongjiangliebiao",
      "unicode": "e61f",
      "unicode_decimal": 58911
    },
    {
      "icon_id": "1484265",
      "name": "笑脸",
      "font_class": "xiaolian",
      "unicode": "e604",
      "unicode_decimal": 58884
    },
    {
      "icon_id": "1574632",
      "name": "棋牌",
      "font_class": "qipai",
      "unicode": "e614",
      "unicode_decimal": 58900
    },
    {
      "icon_id": "1719351",
      "name": "xihuan",
      "font_class": "xihuan",
      "unicode": "e606",
      "unicode_decimal": 58886
    },
    {
      "icon_id": "1876393",
      "name": "qq",
      "font_class": "qq",
      "unicode": "e60d",
      "unicode_decimal": 58893
    },
    {
      "icon_id": "1973548",
      "name": "加号",
      "font_class": "jiahao",
      "unicode": "e620",
      "unicode_decimal": 58912
    },
    {
      "icon_id": "1992221",
      "name": "设置",
      "font_class": "shezhi",
      "unicode": "e66b",
      "unicode_decimal": 58987
    },
    {
      "icon_id": "2086733",
      "name": "会员中心",
      "font_class": "huiyuanzhongxin",
      "unicode": "e624",
      "unicode_decimal": 58916
    },
    {
      "icon_id": "2249791",
      "name": "icon_home",
      "font_class": "home",
      "unicode": "e76e",
      "unicode_decimal": 59246
    },
    {
      "icon_id": "2508854",
      "name": "存款",
      "font_class": "cunkuan",
      "unicode": "e640",
      "unicode_decimal": 58944
    },
    {
      "icon_id": "2526150",
      "name": "红包",
      "font_class": "hongbao2",
      "unicode": "e607",
      "unicode_decimal": 58887
    },
    {
      "icon_id": "3042340",
      "name": "银行卡",
      "font_class": "bank-card",
      "unicode": "e60b",
      "unicode_decimal": 58891
    },
    {
      "icon_id": "3265198",
      "name": "篮球",
      "font_class": "lanqiu",
      "unicode": "e627",
      "unicode_decimal": 58919
    },
    {
      "icon_id": "3306399",
      "name": "转账",
      "font_class": "Transfer_accounts",
      "unicode": "e623",
      "unicode_decimal": 58915
    },
    {
      "icon_id": "4114236",
      "name": "通讯录",
      "font_class": "tongxunlu",
      "unicode": "e60c",
      "unicode_decimal": 58892
    },
    {
      "icon_id": "4137427",
      "name": "qian",
      "font_class": "qian",
      "unicode": "e651",
      "unicode_decimal": 58961
    },
    {
      "icon_id": "4164969",
      "name": "kefu",
      "font_class": "kefu",
      "unicode": "e6b6",
      "unicode_decimal": 59062
    },
    {
      "icon_id": "4681454",
      "name": "聊天",
      "font_class": "liaotian",
      "unicode": "e603",
      "unicode_decimal": 58883
    },
    {
      "icon_id": "4804609",
      "name": "充值",
      "font_class": "chongzhi",
      "unicode": "e61d",
      "unicode_decimal": 58909
    },
    {
      "icon_id": "4840210",
      "name": "公告",
      "font_class": "gonggao1",
      "unicode": "e60e",
      "unicode_decimal": 58894
    },
    {
      "icon_id": "5112693",
      "name": "报表",
      "font_class": "baobiao",
      "unicode": "e633",
      "unicode_decimal": 58931
    },
    {
      "icon_id": "5238520",
      "name": "银行卡",
      "font_class": "shuaqiaqiapianyinhangqia",
      "unicode": "e622",
      "unicode_decimal": 58914
    },
    {
      "icon_id": "5583901",
      "name": "htb－Arrow right02",
      "font_class": "right",
      "unicode": "e63b",
      "unicode_decimal": 58939
    },
    {
      "icon_id": "5591842",
      "name": "照片",
      "font_class": "zhaopian",
      "unicode": "e6b3",
      "unicode_decimal": 59059
    },
    {
      "icon_id": "6264305",
      "name": "体育",
      "font_class": "tiyu",
      "unicode": "e641",
      "unicode_decimal": 58945
    },
    {
      "icon_id": "6364921",
      "name": "基本信息",
      "font_class": "jibenxinxi",
      "unicode": "e72d",
      "unicode_decimal": 59181
    },
    {
      "icon_id": "6527112",
      "name": "计划",
      "font_class": "jihua",
      "unicode": "e643",
      "unicode_decimal": 58947
    },
    {
      "icon_id": "6687609",
      "name": "IM电竞",
      "font_class": "tubiao",
      "unicode": "e610",
      "unicode_decimal": 58896
    },
    {
      "icon_id": "7049729",
      "name": "建议",
      "font_class": "jianyi",
      "unicode": "e677",
      "unicode_decimal": 58999
    },
    {
      "icon_id": "7064803",
      "name": "代理",
      "font_class": "daili",
      "unicode": "e626",
      "unicode_decimal": 58918
    },
    {
      "icon_id": "7157621",
      "name": "提现",
      "font_class": "tixian",
      "unicode": "e615",
      "unicode_decimal": 58901
    },
    {
      "icon_id": "7624488",
      "name": "晋级条件",
      "font_class": "jinjitiaojian",
      "unicode": "e858",
      "unicode_decimal": 59480
    },
    {
      "icon_id": "8292690",
      "name": "zizhujiaoyi_new",
      "font_class": "zizhujiaoyi_new",
      "unicode": "e92f",
      "unicode_decimal": 59695
    },
    {
      "icon_id": "8664075",
      "name": "icon_wenhao",
      "font_class": "icon_wenhao",
      "unicode": "e600",
      "unicode_decimal": 58880
    },
    {
      "icon_id": "8807995",
      "name": ".icon-mingxi",
      "font_class": "mingxi",
      "unicode": "e601",
      "unicode_decimal": 58881
    },
    {
      "icon_id": "8836623",
      "name": "真人娱乐",
      "font_class": "zhenrenyule",
      "unicode": "e617",
      "unicode_decimal": 58903
    },
    {
      "icon_id": "9059741",
      "name": "上传",
      "font_class": "shangchuan",
      "unicode": "e650",
      "unicode_decimal": 58960
    },
    {
      "icon_id": "9274948",
      "name": "icon_fenxiang",
      "font_class": "icon_fenxiang",
      "unicode": "e602",
      "unicode_decimal": 58882
    },
    {
      "icon_id": "9330152",
      "name": "电子游艺",
      "font_class": "dianziyouyi",
      "unicode": "e619",
      "unicode_decimal": 58905
    },
    {
      "icon_id": "9671560",
      "name": "彩票",
      "font_class": "caipiao",
      "unicode": "e611",
      "unicode_decimal": 58897
    },
    {
      "icon_id": "9690815",
      "name": "注单",
      "font_class": "zhudanmeixuanzhong",
      "unicode": "e62d",
      "unicode_decimal": 58925
    },
    {
      "icon_id": "10230055",
      "name": "下载",
      "font_class": "xiazai1",
      "unicode": "e609",
      "unicode_decimal": 58889
    },
    {
      "icon_id": "10338263",
      "name": "向下",
      "font_class": "down2",
      "unicode": "e608",
      "unicode_decimal": 58888
    },
    {
      "icon_id": "10510394",
      "name": "捕鱼",
      "font_class": "buyu",
      "unicode": "e61a",
      "unicode_decimal": 58906
    },
    {
      "icon_id": "10873822",
      "name": "close",
      "font_class": "close",
      "unicode": "e62f",
      "unicode_decimal": 58927
    },
    {
      "icon_id": "10873823",
      "name": "daohangpinlei",
      "font_class": "daohangpinlei",
      "unicode": "e630",
      "unicode_decimal": 58928
    },
    {
      "icon_id": "10873880",
      "name": "xiangyoujiantou",
      "font_class": "xiangyoujiantou",
      "unicode": "e63c",
      "unicode_decimal": 58940
    },
    {
      "icon_id": "10937294",
      "name": "试玩",
      "font_class": "shiwan1",
      "unicode": "e639",
      "unicode_decimal": 58937
    },
    {
      "icon_id": "11131698",
      "name": "向下",
      "font_class": "down21",
      "unicode": "e60a",
      "unicode_decimal": 58890
    }
  ]
}
